toc98plfqpv81.gif,https://i.redd.it/toc98plfqpv81.gif
26g5v43ogpv81.jpg,https://i.redd.it/26g5v43ogpv81.jpg
2937492cppv81.jpg,https://i.redd.it/2937492cppv81.jpg
c1vo4ljiupv81.gif,https://i.redd.it/c1vo4ljiupv81.gif
cje3utfrdqv81.gif,https://i.redd.it/cje3utfrdqv81.gif
w8ge9pw10qv81.jpg,https://i.redd.it/w8ge9pw10qv81.jpg
o6471w99upv81.jpg,https://i.redd.it/o6471w99upv81.jpg
ulff31c69qv81.png,https://i.redd.it/ulff31c69qv81.png
o8wuu8fg2qv81.jpg,https://i.redd.it/o8wuu8fg2qv81.jpg
vqkmbtdd3qv81.jpg,https://i.redd.it/vqkmbtdd3qv81.jpg
2k1vf2h08qv81.jpg,https://i.redd.it/2k1vf2h08qv81.jpg
pyviqhsfkqv81.jpg,https://i.redd.it/pyviqhsfkqv81.jpg
6a8lq1c2hqv81.png,https://i.redd.it/6a8lq1c2hqv81.png
v36413j56qv81.jpg,https://i.redd.it/v36413j56qv81.jpg
6fiilcg5kqv81.jpg,https://i.redd.it/6fiilcg5kqv81.jpg
pttp7m4o8qv81.jpg,https://i.redd.it/pttp7m4o8qv81.jpg
al5wc5knmqv81.jpg,https://i.redd.it/al5wc5knmqv81.jpg
xto0gsp4pqv81.png,https://i.redd.it/xto0gsp4pqv81.png
y0yv4vttoqv81.jpg,https://i.redd.it/y0yv4vttoqv81.jpg
6u7mivbpgqv81.jpg,https://i.redd.it/6u7mivbpgqv81.jpg
qknzw9m1qqv81.gif,https://i.redd.it/qknzw9m1qqv81.gif
lc7byfx6rqv81.jpg,https://i.redd.it/lc7byfx6rqv81.jpg
g8gy6yr79qv81.jpg,https://i.redd.it/g8gy6yr79qv81.jpg
dwqdpdh0gqv81.jpg,https://i.redd.it/dwqdpdh0gqv81.jpg
j5fjfw2j8qv81.jpg,https://i.redd.it/j5fjfw2j8qv81.jpg
5rfIhpk.jpg,https://i.imgur.com/5rfIhpk.jpg
ujku4l4caqv81.jpg,https://i.redd.it/ujku4l4caqv81.jpg
1sepadtpbqv81.png,https://i.redd.it/1sepadtpbqv81.png
7xwg1x2v5qv81.jpg,https://i.redd.it/7xwg1x2v5qv81.jpg
8gfx0eiznqv81.jpg,https://i.redd.it/8gfx0eiznqv81.jpg
ddogezv1dqv81.jpg,https://i.redd.it/ddogezv1dqv81.jpg
4rxkeqlglqv81.jpg,https://i.redd.it/4rxkeqlglqv81.jpg
deSRKta.jpg,https://i.imgur.com/deSRKta.jpg
dz70fchrtqv81.jpg,https://i.redd.it/dz70fchrtqv81.jpg
gsz3k6bybqv81.jpg,https://i.redd.it/gsz3k6bybqv81.jpg
t8bl5tsumqv81.jpg,https://i.redd.it/t8bl5tsumqv81.jpg
1s7l8f7r8qv81.jpg,https://i.redd.it/1s7l8f7r8qv81.jpg
pju9iefcaqv81.jpg,https://i.redd.it/pju9iefcaqv81.jpg
ukq85v9bgqv81.png,https://i.redd.it/ukq85v9bgqv81.png
jg3qr141qqv81.jpg,https://i.redd.it/jg3qr141qqv81.jpg
3zz3uj3zdqv81.jpg,https://i.redd.it/3zz3uj3zdqv81.jpg
zfl5u4yefqv81.gif,https://i.redd.it/zfl5u4yefqv81.gif
9fd4onl5eqv81.gif,https://i.redd.it/9fd4onl5eqv81.gif
s204k5d93qv81.jpg,https://i.redd.it/s204k5d93qv81.jpg
ubrny95smqv81.jpg,https://i.redd.it/ubrny95smqv81.jpg
oluw2qjwmqv81.jpg,https://i.redd.it/oluw2qjwmqv81.jpg
a9n9cz47hqv81.jpg,https://i.redd.it/a9n9cz47hqv81.jpg
yrv859662qv81.jpg,https://i.redd.it/yrv859662qv81.jpg
id8yvfo32qv81.jpg,https://i.redd.it/id8yvfo32qv81.jpg
uf6c3385dqv81.jpg,https://i.redd.it/uf6c3385dqv81.jpg
mvkwgefdxpv81.png,https://i.redd.it/mvkwgefdxpv81.png
